{"cameraMode":{"drawMode":0,"name":"Shaded","section":"Shading Mode"},"sceneLighting":false,"audioPlay":false,"sceneViewState":{"showFog":true,"showMaterialUpdate":false,"showSkybox":false,"showFlares":true,"showImageEffects":true,"showParticleSystems":true},"in2DMode":false,"pivot":{"x":-5.960464477539063e-8,"y":0.597773551940918,"z":0.1127137541770935},"rotation":{"x":-0.006775706075131893,"y":0.9903525114059448,"z":-0.05234874412417412,"w":-0.12816587090492249},"size":1.5198527574539185,"orthographic":false}