{"cameraMode":{"drawMode":0,"name":"Shaded","section":"Shading Mode"},"sceneLighting":false,"audioPlay":false,"sceneViewState":{"showFog":true,"showMaterialUpdate":false,"showSkybox":false,"showFlares":true,"showImageEffects":true,"showParticleSystems":true},"in2DMode":false,"pivot":{"x":-2.499994993209839,"y":-0.09739789366722107,"z":-5.0},"rotation":{"x":-0.19211691617965699,"y":0.4446491599082947,"z":-0.09826573729515076,"w":-0.8693236708641052},"size":5.5910162925720219,"orthographic":true}