{"cameraMode":{"drawMode":0,"name":"Shaded","section":"Shading Mode"},"sceneLighting":false,"audioPlay":false,"sceneViewState":{"showFog":true,"showMaterialUpdate":false,"showSkybox":false,"showFlares":true,"showImageEffects":true,"showParticleSystems":true},"in2DMode":false,"pivot":{"x":0.24630482494831086,"y":0.5713999271392822,"z":-0.28508418798446658},"rotation":{"x":-0.00010381163156125695,"y":-0.9997255206108093,"z":0.0044988589361310009,"w":-0.023102011531591417},"size":1.230592966079712,"orthographic":true}