{"cameraMode":{"drawMode":0,"name":"Shaded","section":"Shading Mode"},"sceneLighting":false,"audioPlay":false,"sceneViewState":{"showFog":true,"showMaterialUpdate":false,"showSkybox":false,"showFlares":true,"showImageEffects":true,"showParticleSystems":true},"in2DMode":false,"pivot":{"x":17.502470016479493,"y":-1.1876282691955567,"z":-0.5940150022506714},"rotation":{"x":-0.06204614415764809,"y":0.02245475724339485,"z":0.0013963008532300592,"w":0.9978209733963013},"size":3.0064430236816408,"orthographic":true}