{"cameraMode":{"drawMode":0,"name":"Shaded","section":"Shading Mode"},"sceneLighting":false,"audioPlay":false,"sceneViewState":{"showFog":true,"showMaterialUpdate":false,"showSkybox":false,"showFlares":true,"showImageEffects":true,"showParticleSystems":true},"in2DMode":false,"pivot":{"x":0.16021722555160523,"y":0.4544627368450165,"z":-0.29056352376937868},"rotation":{"x":-0.00010381163156125695,"y":-0.9997255206108093,"z":0.0044988589361310009,"w":-0.023102011531591417},"size":0.6644867658615112,"orthographic":true}