{"cameraMode":{"drawMode":0,"name":"Shaded","section":"Shading Mode"},"sceneLighting":false,"audioPlay":false,"sceneViewState":{"showFog":true,"showMaterialUpdate":false,"showSkybox":false,"showFlares":true,"showImageEffects":true,"showParticleSystems":true},"in2DMode":false,"pivot":{"x":1.8077850341796876,"y":7.081249237060547,"z":0.6678619384765625},"rotation":{"x":-0.06204614415764809,"y":0.02245475724339485,"z":0.0013963008532300592,"w":0.9978209733963013},"size":61.307559967041019,"orthographic":true}